{
  "fisher_ratios": {
    "delta_apex_um": Infinity,
    "delta_ring_radial_um": Infinity,
    "delta_K_diopters": Infinity,
    "epsilon_circ": Infinity,
    "asymmetry_index": Infinity
  },
  "n_groups": 17,
  "n_total": 17,
  "centroids": {
    "arc_160": {
      "delta_apex_um": 567.1098386599999,
      "delta_ring_radial_um": 20.214754538929906,
      "delta_K_diopters": -3.145949548779585,
      "epsilon_circ": 0.0019444716482301617,
      "asymmetry_index": 1.0
    },
    "baseline": {
      "delta_apex_um": 549.697405476,
      "delta_ring_radial_um": 33.03108440203088,
      "delta_K_diopters": -3.049356909075443,
      "epsilon_circ": 0.004988968872998541,
      "asymmetry_index": 1.7288729810074416e-06
    },
    "arc_090": {
      "delta_apex_um": 561.452707288,
      "delta_ring_radial_um": 26.320947443248613,
      "delta_K_diopters": -3.114567533032544,
      "epsilon_circ": 0.003375271199254184,
      "asymmetry_index": 1.0
    },
    "arc_120": {
      "delta_apex_um": 563.478153153,
      "delta_ring_radial_um": 24.029974343796685,
      "delta_K_diopters": -3.125803364384245,
      "epsilon_circ": 0.0028345873500867456,
      "asymmetry_index": 1.0
    },
    "arc_255": {
      "delta_apex_um": 576.610700272,
      "delta_ring_radial_um": 11.216668299295801,
      "delta_K_diopters": -3.198654032573964,
      "epsilon_circ": -0.0001586190603278495,
      "asymmetry_index": 1.0
    },
    "arc_210": {
      "delta_apex_um": 571.498129721,
      "delta_ring_radial_um": 15.947544119713642,
      "delta_K_diopters": -3.1702928793694523,
      "epsilon_circ": 0.0009500776057527111,
      "asymmetry_index": 1.0
    },
    "arc_320": {
      "delta_apex_um": 583.928222096,
      "delta_ring_radial_um": 4.2292956144613045,
      "delta_K_diopters": -3.2392467941715974,
      "epsilon_circ": -0.001813072666637947,
      "asymmetry_index": 1.0
    },
    "arc_360": {
      "delta_apex_um": 583.6829540140001,
      "delta_ring_radial_um": 0.0,
      "delta_K_diopters": -3.237886209397189,
      "epsilon_circ": -0.00285334265036305,
      "asymmetry_index": 0.0
    },
    "asym_control_sym250": {
      "delta_apex_um": 567.1098386599999,
      "delta_ring_radial_um": 20.21475453892665,
      "delta_K_diopters": -3.145949548779585,
      "epsilon_circ": 0.0019444716482294212,
      "asymmetry_index": 1.0
    },
    "asym_prog_300to150": {
      "delta_apex_um": 590.980718693,
      "delta_ring_radial_um": 20.172150758238313,
      "delta_K_diopters": -3.278369371447854,
      "epsilon_circ": 0.0019445658537475686,
      "asymmetry_index": 1.0
    },
    "asym_prog_350to150": {
      "delta_apex_um": 590.980718693,
      "delta_ring_radial_um": 20.172150758238313,
      "delta_K_diopters": -3.278369371447854,
      "epsilon_circ": 0.0019445658537475686,
      "asymmetry_index": 1.0
    },
    "asym_prog_150to300": {
      "delta_apex_um": 590.980717659,
      "delta_ring_radial_um": 20.17215153929854,
      "delta_K_diopters": -3.2783693657119075,
      "epsilon_circ": 0.001944566021420439,
      "asymmetry_index": 1.0
    },
    "asym_parab_300to150": {
      "delta_apex_um": 579.5372015109999,
      "delta_ring_radial_um": 20.27264662382487,
      "delta_K_diopters": -3.214888321991493,
      "epsilon_circ": 0.001955402734890948,
      "asymmetry_index": 1.0
    },
    "asym_prog_arc210": {
      "delta_apex_um": 603.6446854229999,
      "delta_ring_radial_um": 15.951114704271722,
      "delta_K_diopters": -3.348620666177884,
      "epsilon_circ": 0.0009557132824047119,
      "asymmetry_index": 1.0
    },
    "pachy_normal": {
      "delta_apex_um": 567.1098386599999,
      "delta_ring_radial_um": 20.21475453892672,
      "delta_K_diopters": -3.145949548779585,
      "epsilon_circ": 0.0019444716482294548,
      "asymmetry_index": 1.0
    },
    "pachy_thin": {
      "delta_apex_um": 700.871269577,
      "delta_ring_radial_um": 24.480785096973804,
      "delta_K_diopters": -3.8879693208783275,
      "epsilon_circ": 0.0029334587779628837,
      "asymmetry_index": 1.0
    },
    "pachy_thick": {
      "delta_apex_um": 478.99079469,
      "delta_ring_radial_um": 17.501402003508264,
      "delta_K_diopters": -2.6571234912536976,
      "epsilon_circ": 0.0013150060493270046,
      "asymmetry_index": 1.0
    }
  }
}