{
  "arc": {
    "delta_apex_um": {
      "range": 22.475514807999957,
      "std": 9.183725170130996,
      "cv": 0.016040397847966008,
      "min": 561.452707288,
      "max": 583.928222096,
      "n": 7
    },
    "delta_ring_radial_um": {
      "range": 26.320947443248613,
      "std": 9.931402444033983,
      "cv": 0.6818396748168696,
      "min": 0.0,
      "max": 26.320947443248613,
      "n": 7
    },
    "delta_K_diopters": {
      "range": 0.12467926113905348,
      "std": 0.050945220988152726,
      "cv": 0.01604039784796601,
      "min": -3.2392467941715974,
      "max": -3.114567533032544,
      "n": 7
    },
    "epsilon_circ": {
      "range": 0.006228613849617233,
      "std": 0.002343386694913951,
      "cv": 3.833202955543378,
      "min": -0.00285334265036305,
      "max": 0.003375271199254184,
      "n": 7
    },
    "asymmetry_index": {
      "range": 1.0,
      "std": 0.3779644730092272,
      "cv": 0.44095855184409843,
      "min": 0.0,
      "max": 1.0,
      "n": 7
    }
  },
  "asymmetry": {
    "delta_apex_um": {
      "range": 36.53484676300002,
      "std": 12.455055554943723,
      "cv": 0.02121072170096999,
      "min": 567.1098386599999,
      "max": 603.6446854229999,
      "n": 6
    },
    "delta_ring_radial_um": {
      "range": 4.321531919553147,
      "std": 1.7353654777898335,
      "cv": 0.08902736636706779,
      "min": 15.951114704271722,
      "max": 20.27264662382487,
      "n": 6
    },
    "delta_K_diopters": {
      "range": 0.20267111739829868,
      "std": 0.0690923939808267,
      "cv": 0.02121072170096994,
      "min": -3.348620666177884,
      "max": -3.145949548779585,
      "n": 6
    },
    "epsilon_circ": {
      "range": 0.0009996894524862362,
      "std": 0.0004045978451177678,
      "cv": 0.2271047110379483,
      "min": 0.0009557132824047119,
      "max": 0.001955402734890948,
      "n": 6
    },
    "asymmetry_index": {
      "range": 0.0,
      "std": 0.0,
      "cv": 0.0,
      "min": 1.0,
      "max": 1.0,
      "n": 6
    }
  },
  "pachymetry": {
    "delta_apex_um": {
      "range": 221.88047488700005,
      "std": 111.71991127161922,
      "cv": 0.1918518169944848,
      "min": 478.99079469,
      "max": 700.871269577,
      "n": 3
    },
    "delta_ring_radial_um": {
      "range": 6.97938309346554,
      "std": 3.5183586862107044,
      "cv": 0.16970410088370455,
      "min": 17.501402003508264,
      "max": 24.480785096973804,
      "n": 3
    },
    "delta_K_diopters": {
      "range": 1.2308458296246299,
      "std": 0.6197480285038045,
      "cv": 0.19185181699448473,
      "min": -3.8879693208783275,
      "max": -2.6571234912536976,
      "n": 3
    },
    "epsilon_circ": {
      "range": 0.001618452728635879,
      "std": 0.0008158545333788482,
      "cv": 0.395218586499596,
      "min": 0.0013150060493270046,
      "max": 0.0029334587779628837,
      "n": 3
    },
    "asymmetry_index": {
      "range": 0.0,
      "std": 0.0,
      "cv": 0.0,
      "min": 1.0,
      "max": 1.0,
      "n": 3
    }
  }
}